{
    "bgImage": "/assets/our-offices/background.png",
    "india": [
        {
            "city": "Chennai, India",
            "address": [
                "3rd Floor, Alsa Mall, T-11/12, Egmore",
                "Red Cross Road, Chennai, Tamil Nadu – 600008"
            ]
        },
        {
            "city": "Guwahati, India",
            "address": [
                "Exotica Greens, 4th Floor",
                "RG Baruah Road, Guwahati, Assam",
                "P.S – Geetanagar",
                "P.O – Japorigog Post Office",
                "Kamrup (Metro), Assam – 781005"
            ]
        },
        {
            "city": "Kolkata, India",
            "address": [
                "1st Floor, Plot No. 15 (Infinium Digi Space)",
                "CP Block, Sector 5, Salt Lake",
                "Kolkata – 700091"
            ],
            "email": "info@bdvisa.com",
            "phone": "+91-7289000071"
        },
        {
            "city": "Mumbai, India",
            "address": [
                "Unit no. 404-B, 4th Floor, Prathamesh Tower – B Wing",
                "C.S. No. 107 – Lower Parel Division",
                "Raghuvanshi Mill, 11, 12 Senapati Bapat Marg",
                "Lower Parel, Mumbai – 400013"
            ]
        },
        {
            "city": "Silchar, India",
            "address": [
                "Goldighi Municipality Mall",
                "Shop No 105, 106 & 107, Near Premtola Point",
                "Central Road, PO – Silchar, PS – Silchar Sadar",
                "District – Cachar, Assam – 788001"
            ]
        },
        {
            "city": "Siliguri, India",
            "address": [
                "Sonali Bank White House 304/3",
                "Sevoke Road, P.S: Siliguri – 734001"
            ]
        },
        {
            "city": "Bongaigaon, India",
            "address": [
                "Third Floor, Arham Towers",
                "Bongaigaon Town Part-V (Ward No. 6)",
                "Municipal Holding No. 81",
                "Bongaigaon Revenue Circle",
                "P.O. P.S & Sub-Registry Office – Bongaigaon",
                "Assam – 781005"
            ]
        }
    ],
    "global": [
        {
            "city": "Bangkok, Thailand",
            "address": [
                "DUDIGITAL GLOBAL (THAILAND) Company Ltd.",
                "Unit No. 36/28, 10th Floor, P.S. Tower",
                "Sukhumvit 21 (Asoke) Road, Wattana, Bangkok"
            ]
        },
        {
            "city": "Chittagong, Bangladesh",
            "address": [
                "DUDigital Technologies Limited",
                "Mostafa Center, 1102/A",
                "Agrabad C/A, Chattogram"
            ]
        },
        {
            "city": "Seoul, South Korea",
            "address": [
                "DUDIGITAL GLOBAL (KOREA) LLC",
                "4th Floor, 76-42, Namhan Building",
                "Hannam-Dong, Yongsan-Gu, Seoul – 04401"
            ]
        },
        {
            "city": "Kathmandu, Nepal",
            "address": [
                "DUDigital Pvt Ltd.",
                "Shop no. 233 & 234, 1st Floor",
                "Chhaya Centre, Thamel, Kathmandu"
            ]
        },
        {
            "city": "Nugegoda, Sri Lanka",
            "address": [
                "DUDigital Global (Lanka) (Pvt) Ltd.",
                "No. 8, 1/2, Old Kesbewa Road",
                "Delkanda, Nugegoda – 10250"
            ]
        },
        {
            "city": "Dhaka, Bangladesh",
            "address": [
                "DUDigital Technologies Limited",
                "PBL Tower (13th Floor)",
                "17, Gulshan North C/A, Gulshan-2",
                "Dhaka – 1212"
            ]
        },
        {
            "city": "Sharjah, UAE",
            "address": [
                "Sharjah Media City (Shams)",
                "P.O. Box: 515000",
                "Sharjah, UAE"
            ]
        }
    ]
}